subscription_id,user_id,plan,mrr_amount,start_date,end_date,churned
1,2,Starter,29,2024-04-24,,False
2,8,Starter,29,2024-04-14,,False
3,10,Starter,29,2025-07-12,,False
4,11,Enterprise,499,2024-03-30,,False
5,12,Starter,29,2025-08-27,,False
6,13,Pro,99,2025-03-08,,False
7,15,Enterprise,499,2024-01-31,,False
8,17,Starter,29,2024-08-11,2025-04-19,True
9,18,Starter,29,2024-08-26,,False
10,23,Pro,99,2024-07-22,,False
11,24,Enterprise,499,2025-10-27,,False
12,26,Enterprise,499,2025-07-12,,False
13,31,Starter,29,2024-10-11,2025-03-22,True
14,32,Starter,29,2024-01-07,2024-02-10,True
15,34,Pro,99,2025-12-15,,False
16,36,Starter,29,2024-12-14,2025-04-12,True
17,37,Starter,29,2024-10-11,2025-07-15,True
18,38,Starter,29,2024-06-08,,False
19,39,Starter,29,2024-08-08,2025-01-06,True
20,40,Starter,29,2024-12-10,2025-07-25,True
21,42,Pro,99,2024-04-04,,False
22,43,Starter,29,2025-01-24,,False
23,45,Starter,29,2025-01-02,,False
24,48,Pro,99,2024-09-27,,False
25,49,Pro,99,2024-02-14,,False
26,52,Pro,99,2024-05-07,,False
27,53,Starter,29,2025-01-22,2025-09-06,True
28,56,Starter,29,2024-10-27,,False
29,60,Enterprise,499,2025-08-14,,False
30,64,Starter,29,2024-02-16,,False
31,65,Starter,29,2025-11-08,,False
32,66,Starter,29,2024-08-21,,False
33,67,Starter,29,2024-10-23,,False
34,68,Enterprise,499,2024-03-22,,False
35,71,Starter,29,2025-01-24,,False
36,74,Starter,29,2025-10-12,2025-12-31,True
37,75,Starter,29,2025-01-08,2025-10-04,True
38,78,Starter,29,2024-12-29,,False
39,79,Enterprise,499,2024-08-02,,False
40,80,Pro,99,2025-11-17,,False
41,82,Starter,29,2025-12-19,,False
42,83,Pro,99,2025-11-30,,False
43,85,Starter,29,2024-03-14,,False
44,86,Pro,99,2025-09-15,,False
45,88,Starter,29,2024-06-24,,False
46,90,Starter,29,2024-09-07,,False
47,91,Starter,29,2024-06-16,,False
48,92,Starter,29,2025-04-18,,False
49,93,Pro,99,2025-01-23,2025-09-03,True
50,94,Starter,29,2024-10-03,,False
51,95,Starter,29,2025-10-17,2025-12-31,True
52,98,Enterprise,499,2024-08-12,2025-01-19,True
53,99,Pro,99,2025-12-02,,False
54,101,Starter,29,2024-02-27,2024-07-07,True
55,102,Pro,99,2024-08-22,,False
56,105,Pro,99,2025-02-14,,False
57,106,Starter,29,2024-10-01,,False
58,107,Enterprise,499,2024-03-08,,False
59,108,Starter,29,2024-08-04,2025-03-15,True
60,109,Starter,29,2025-08-03,,False
61,110,Starter,29,2024-11-18,,False
62,111,Pro,99,2024-08-05,,False
63,112,Pro,99,2025-11-02,,False
64,113,Starter,29,2025-05-26,2025-12-31,True
65,114,Starter,29,2025-02-09,,False
66,115,Starter,29,2025-10-20,,False
67,119,Starter,29,2024-05-22,,False
68,126,Starter,29,2025-08-20,2025-11-03,True
69,128,Starter,29,2025-01-05,,False
70,134,Starter,29,2024-02-18,2024-05-02,True
71,135,Starter,29,2024-04-22,,False
72,136,Starter,29,2024-06-05,,False
73,139,Pro,99,2025-11-27,,False
74,140,Starter,29,2025-03-08,,False
75,141,Starter,29,2025-09-02,2025-11-06,True
76,142,Starter,29,2024-03-06,,False
77,145,Pro,99,2025-09-02,,False
78,146,Starter,29,2025-04-24,,False
79,147,Pro,99,2025-06-25,,False
80,148,Starter,29,2024-09-14,2025-03-05,True
81,149,Starter,29,2025-07-20,,False
82,150,Starter,29,2024-01-12,2024-08-04,True
83,156,Starter,29,2025-10-18,2025-12-31,True
84,158,Starter,29,2024-04-24,2024-06-18,True
85,159,Pro,99,2024-10-27,,False
86,160,Pro,99,2025-03-21,,False
87,162,Enterprise,499,2025-04-09,,False
88,165,Starter,29,2025-05-27,2025-12-02,True
89,166,Pro,99,2024-07-01,,False
90,169,Pro,99,2025-10-02,,False
91,171,Starter,29,2025-10-16,,False
92,173,Starter,29,2025-09-15,,False
93,174,Starter,29,2024-07-22,,False
94,177,Starter,29,2024-06-14,2024-10-27,True
95,178,Starter,29,2025-07-06,,False
96,179,Starter,29,2025-06-27,2025-12-31,True
97,184,Pro,99,2024-01-20,,False
98,185,Pro,99,2024-04-24,2024-10-31,True
99,187,Starter,29,2024-11-10,2025-01-06,True
100,188,Starter,29,2024-09-02,2024-10-20,True
101,192,Pro,99,2024-03-21,2024-09-16,True
102,193,Starter,29,2024-03-28,,False
103,194,Starter,29,2025-05-12,2025-11-04,True
104,196,Enterprise,499,2025-06-29,,False
105,198,Pro,99,2024-05-11,,False
106,199,Starter,29,2025-11-06,,False
107,202,Starter,29,2024-06-18,,False
108,204,Enterprise,499,2025-06-24,,False
109,206,Starter,29,2025-03-09,2025-10-14,True
110,207,Starter,29,2024-08-04,2024-12-27,True
111,208,Enterprise,499,2025-07-06,,False
112,213,Starter,29,2025-02-12,,False
113,216,Pro,99,2025-01-17,,False
114,217,Starter,29,2025-03-24,,False
115,218,Pro,99,2025-06-13,,False
116,221,Pro,99,2024-09-10,,False
117,222,Enterprise,499,2024-08-18,,False
118,223,Starter,29,2024-03-06,2024-06-10,True
119,224,Starter,29,2024-12-12,,False
120,228,Starter,29,2024-08-23,,False
121,230,Starter,29,2024-08-13,2025-05-18,True
122,232,Enterprise,499,2024-03-13,,False
123,233,Starter,29,2025-12-25,,False
124,234,Starter,29,2025-10-08,2025-12-31,True
125,235,Pro,99,2024-03-01,,False
126,238,Pro,99,2024-02-02,,False
127,239,Starter,29,2024-12-04,2025-03-06,True
128,240,Starter,29,2024-03-13,2024-11-26,True
129,241,Pro,99,2025-06-10,,False
130,242,Pro,99,2024-08-31,,False
131,244,Starter,29,2025-11-16,2025-12-31,True
132,248,Starter,29,2024-05-15,2024-10-08,True
133,250,Starter,29,2025-08-13,,False
134,256,Starter,29,2024-04-06,,False
135,258,Starter,29,2025-11-05,2025-12-31,True
136,260,Pro,99,2024-12-28,,False
137,264,Starter,29,2024-02-25,,False
138,271,Starter,29,2024-12-13,,False
139,272,Starter,29,2024-04-21,,False
140,274,Starter,29,2024-07-15,2024-10-05,True
141,283,Enterprise,499,2024-09-12,,False
142,284,Enterprise,499,2024-03-18,,False
143,285,Pro,99,2025-03-29,,False
144,287,Pro,99,2024-04-10,,False
145,291,Starter,29,2024-01-16,,False
146,292,Starter,29,2024-04-05,,False
147,294,Starter,29,2024-06-19,,False
148,299,Starter,29,2025-02-14,,False
149,300,Starter,29,2024-03-01,,False
150,302,Starter,29,2025-01-23,,False
151,303,Pro,99,2024-01-03,,False
152,305,Pro,99,2024-09-28,,False
153,309,Starter,29,2025-12-14,,False
154,310,Pro,99,2025-07-23,,False
155,311,Pro,99,2025-11-08,,False
156,316,Starter,29,2024-08-10,2025-05-19,True
157,317,Starter,29,2024-02-29,2024-09-10,True
158,318,Starter,29,2025-08-16,,False
159,319,Enterprise,499,2025-07-09,,False
160,320,Starter,29,2024-03-03,2024-11-06,True
161,322,Starter,29,2024-02-28,2024-12-18,True
162,323,Starter,29,2024-02-21,,False
163,326,Starter,29,2025-05-29,,False
164,327,Starter,29,2025-06-27,,False
165,328,Starter,29,2024-06-10,,False
166,329,Starter,29,2024-02-28,2024-10-04,True
167,330,Pro,99,2025-06-04,,False
168,332,Starter,29,2024-07-09,,False
169,335,Pro,99,2024-03-10,,False
170,336,Starter,29,2025-11-22,,False
171,338,Starter,29,2025-02-17,2025-11-06,True
172,340,Pro,99,2025-08-06,,False
173,343,Pro,99,2025-08-31,,False
174,348,Pro,99,2025-11-04,,False
175,350,Starter,29,2025-08-01,2025-09-28,True
176,351,Starter,29,2025-06-19,,False
177,354,Starter,29,2024-07-28,,False
178,356,Starter,29,2024-11-17,2025-04-05,True
179,357,Starter,29,2024-09-01,,False
180,358,Pro,99,2024-09-28,,False
181,360,Starter,29,2024-05-14,2025-02-01,True
182,364,Starter,29,2025-04-13,,False
183,367,Pro,99,2024-01-10,,False
184,368,Pro,99,2025-04-14,,False
185,369,Pro,99,2025-09-28,,False
186,370,Pro,99,2025-07-30,,False
187,373,Starter,29,2025-07-04,,False
188,374,Starter,29,2024-08-06,,False
189,376,Pro,99,2024-09-28,,False
190,378,Starter,29,2024-12-23,2025-02-14,True
191,379,Pro,99,2024-03-11,,False
192,380,Starter,29,2024-09-07,,False
193,381,Pro,99,2025-01-13,,False
194,383,Starter,29,2024-06-10,,False
195,384,Starter,29,2025-03-24,,False
196,385,Pro,99,2025-07-10,2025-12-31,True
197,386,Enterprise,499,2025-12-21,,False
198,387,Pro,99,2024-11-05,,False
199,388,Starter,29,2025-09-18,2025-12-31,True
200,390,Starter,29,2025-06-25,,False
201,391,Starter,29,2024-01-09,2024-07-28,True
202,392,Starter,29,2025-11-14,2025-12-31,True
203,394,Pro,99,2024-11-02,,False
204,395,Starter,29,2025-11-10,,False
205,399,Pro,99,2024-04-28,,False
206,400,Starter,29,2024-04-19,2024-11-08,True
207,401,Starter,29,2025-07-20,,False
208,404,Starter,29,2024-10-15,2025-02-01,True
209,405,Starter,29,2025-09-11,2025-12-27,True
210,407,Starter,29,2024-12-17,,False
211,408,Starter,29,2024-07-27,,False
212,410,Starter,29,2025-10-11,,False
213,411,Starter,29,2024-09-27,2025-06-27,True
214,415,Starter,29,2024-02-22,,False
215,420,Enterprise,499,2024-02-15,,False
216,421,Starter,29,2024-01-04,,False
217,423,Pro,99,2024-05-13,,False
218,424,Starter,29,2025-10-14,,False
219,425,Starter,29,2024-09-25,,False
220,428,Starter,29,2025-07-18,,False
221,431,Pro,99,2025-07-28,,False
222,432,Pro,99,2024-01-10,,False
223,433,Starter,29,2024-04-24,,False
224,434,Starter,29,2024-03-18,2025-01-08,True
225,436,Starter,29,2024-06-01,2025-01-01,True
226,438,Starter,29,2024-02-06,2024-04-04,True
227,439,Starter,29,2025-01-13,,False
228,440,Pro,99,2025-08-19,,False
229,441,Starter,29,2025-07-19,,False
230,444,Enterprise,499,2024-05-10,,False
231,445,Starter,29,2024-02-12,,False
232,446,Starter,29,2024-11-11,,False
233,447,Enterprise,499,2025-01-08,,False
234,449,Starter,29,2025-01-01,,False
235,450,Starter,29,2024-08-03,,False
236,451,Starter,29,2025-11-29,,False
237,454,Starter,29,2024-04-15,2024-07-08,True
238,455,Pro,99,2024-12-28,,False
239,457,Starter,29,2025-02-20,2025-11-07,True
240,458,Enterprise,499,2025-09-27,,False
241,459,Pro,99,2024-06-07,,False
242,460,Starter,29,2024-08-30,,False
243,463,Pro,99,2025-02-26,,False
244,464,Pro,99,2024-01-26,,False
245,466,Starter,29,2024-12-06,,False
246,467,Pro,99,2025-02-25,2025-11-11,True
247,468,Starter,29,2025-11-16,,False
248,469,Starter,29,2024-09-11,,False
249,470,Pro,99,2024-09-30,,False
250,472,Enterprise,499,2025-12-19,,False
251,473,Pro,99,2024-04-20,,False
252,474,Starter,29,2025-01-26,2025-03-12,True
253,477,Enterprise,499,2024-08-15,,False
254,479,Starter,29,2025-04-16,,False
255,480,Pro,99,2024-12-24,,False
256,481,Pro,99,2024-11-08,,False
257,482,Starter,29,2024-08-21,,False
258,484,Pro,99,2024-01-25,,False
259,485,Starter,29,2025-11-06,2025-12-31,True
260,487,Enterprise,499,2025-02-12,,False
261,488,Pro,99,2024-12-02,,False
262,489,Pro,99,2024-10-12,,False
263,490,Pro,99,2024-03-12,,False
264,491,Starter,29,2024-10-12,2024-12-03,True
265,493,Starter,29,2025-10-18,2025-12-31,True
266,494,Starter,29,2025-06-05,2025-12-31,True
267,499,Pro,99,2024-01-29,,False
268,500,Pro,99,2024-04-28,2024-11-08,True
269,501,Pro,99,2024-09-24,,False
270,504,Pro,99,2024-09-28,,False
271,505,Starter,29,2024-02-09,,False
272,506,Starter,29,2024-04-21,,False
273,507,Pro,99,2025-09-02,,False
274,508,Starter,29,2025-03-20,2025-12-12,True
275,513,Starter,29,2025-06-07,2025-08-12,True
276,514,Pro,99,2024-04-28,,False
277,515,Starter,29,2025-01-29,,False
278,516,Enterprise,499,2025-08-13,,False
279,520,Starter,29,2025-12-26,,False
280,521,Starter,29,2025-03-22,,False
281,523,Starter,29,2025-06-16,,False
282,524,Starter,29,2025-07-05,,False
283,526,Enterprise,499,2025-11-17,,False
284,527,Starter,29,2024-07-20,,False
285,528,Starter,29,2025-01-07,2025-07-03,True
286,531,Starter,29,2025-11-11,,False
287,533,Starter,29,2025-09-30,2025-11-07,True
288,534,Enterprise,499,2024-11-17,,False
289,535,Starter,29,2025-11-10,,False
290,536,Pro,99,2024-05-07,,False
291,537,Starter,29,2024-11-03,,False
292,541,Pro,99,2025-02-22,,False
293,543,Starter,29,2025-02-16,,False
294,544,Pro,99,2025-12-14,,False
295,545,Starter,29,2024-10-29,,False
296,546,Starter,29,2025-07-21,,False
297,547,Starter,29,2024-05-10,,False
298,548,Pro,99,2024-07-15,,False
299,549,Pro,99,2025-03-06,,False
300,551,Starter,29,2025-01-23,,False
301,552,Starter,29,2025-11-24,,False
302,553,Starter,29,2024-06-27,,False
303,555,Starter,29,2025-08-05,,False
304,561,Starter,29,2024-10-20,,False
305,562,Starter,29,2024-08-03,,False
306,564,Starter,29,2025-08-16,,False
307,567,Enterprise,499,2024-11-25,,False
308,568,Starter,29,2025-04-21,,False
309,570,Pro,99,2025-03-28,,False
310,572,Starter,29,2024-08-06,,False
311,574,Starter,29,2025-04-29,2025-07-01,True
312,575,Starter,29,2024-06-22,,False
313,580,Starter,29,2025-11-10,,False
314,582,Pro,99,2025-09-26,,False
315,583,Starter,29,2024-12-09,,False
316,584,Enterprise,499,2024-04-05,,False
317,588,Starter,29,2024-08-18,,False
318,590,Starter,29,2024-05-30,,False
319,591,Pro,99,2024-01-26,,False
320,592,Pro,99,2024-02-17,,False
321,598,Starter,29,2025-02-28,,False
322,601,Starter,29,2024-07-18,,False
323,602,Starter,29,2025-12-14,,False
324,605,Starter,29,2025-02-13,2025-05-20,True
325,606,Starter,29,2024-09-06,2025-04-06,True
326,608,Pro,99,2025-11-02,2025-12-31,True
327,609,Pro,99,2025-12-05,,False
328,610,Starter,29,2024-01-06,,False
329,611,Starter,29,2024-04-19,,False
330,613,Pro,99,2024-08-12,,False
331,614,Pro,99,2024-06-29,,False
332,615,Starter,29,2025-12-13,,False
333,616,Enterprise,499,2025-06-14,2025-09-23,True
334,619,Pro,99,2025-07-24,,False
335,621,Pro,99,2024-05-04,2024-07-12,True
336,629,Starter,29,2024-11-20,2025-06-29,True
337,630,Starter,29,2025-03-29,2025-12-31,True
338,631,Pro,99,2025-09-19,,False
339,632,Pro,99,2025-05-31,,False
340,634,Starter,29,2025-07-15,,False
341,635,Starter,29,2025-04-01,,False
342,636,Enterprise,499,2024-06-11,,False
343,638,Enterprise,499,2025-04-05,,False
344,640,Starter,29,2024-09-10,2024-12-30,True
345,643,Pro,99,2025-06-17,,False
346,644,Starter,29,2025-05-11,2025-10-30,True
347,647,Starter,29,2024-10-08,,False
348,648,Starter,29,2025-03-26,,False
349,650,Starter,29,2025-12-31,2025-12-31,True
350,652,Enterprise,499,2024-08-28,,False
351,653,Starter,29,2024-10-05,2024-11-20,True
352,654,Starter,29,2024-12-09,,False
353,655,Pro,99,2024-11-23,,False
354,657,Starter,29,2024-03-23,,False
355,658,Starter,29,2024-05-21,,False
356,659,Starter,29,2024-06-03,,False
357,662,Starter,29,2025-12-11,,False
358,669,Starter,29,2024-12-04,,False
359,671,Starter,29,2025-04-22,2025-11-27,True
360,672,Starter,29,2025-03-01,,False
361,673,Pro,99,2024-03-04,,False
362,676,Starter,29,2025-02-02,2025-11-12,True
363,677,Pro,99,2025-08-21,,False
364,679,Starter,29,2024-01-21,2024-07-18,True
365,682,Starter,29,2025-05-03,,False
366,683,Starter,29,2024-01-07,,False
367,685,Starter,29,2024-11-01,,False
368,686,Starter,29,2025-02-03,,False
369,687,Enterprise,499,2025-03-05,,False
370,690,Pro,99,2025-09-09,,False
371,691,Pro,99,2024-08-13,,False
372,692,Starter,29,2025-05-14,2025-08-12,True
373,693,Pro,99,2024-08-12,,False
374,694,Starter,29,2024-10-06,,False
375,698,Starter,29,2025-02-02,,False
376,700,Pro,99,2025-11-15,,False
377,701,Starter,29,2025-11-26,2025-12-26,True
378,705,Starter,29,2024-05-10,2025-01-30,True
379,708,Starter,29,2024-01-28,,False
380,709,Enterprise,499,2025-02-07,,False
381,710,Starter,29,2025-08-29,,False
382,712,Pro,99,2025-11-09,,False
383,713,Starter,29,2024-01-28,2024-07-15,True
384,717,Starter,29,2024-05-18,,False
385,718,Pro,99,2025-04-17,,False
386,720,Starter,29,2024-02-21,2024-04-03,True
387,722,Starter,29,2025-01-23,,False
388,727,Starter,29,2024-12-11,,False
389,728,Starter,29,2025-01-23,2025-07-31,True
390,729,Starter,29,2024-10-11,,False
391,730,Starter,29,2025-03-07,,False
392,734,Pro,99,2024-01-20,,False
393,735,Starter,29,2025-07-06,2025-12-31,True
394,736,Starter,29,2024-02-23,,False
395,737,Starter,29,2024-12-24,,False
396,739,Starter,29,2025-10-27,2025-12-31,True
397,742,Starter,29,2024-02-11,2024-07-21,True
398,745,Starter,29,2024-07-23,,False
399,747,Enterprise,499,2025-09-28,,False
400,749,Starter,29,2024-09-01,,False
401,752,Starter,29,2025-11-16,,False
402,753,Starter,29,2024-04-27,,False
403,754,Pro,99,2025-07-31,,False
404,757,Starter,29,2025-12-17,,False
405,758,Pro,99,2024-09-19,,False
406,759,Enterprise,499,2025-01-12,,False
407,760,Starter,29,2024-06-20,2024-08-23,True
408,761,Enterprise,499,2025-09-12,,False
409,762,Starter,29,2025-09-13,,False
410,764,Pro,99,2024-06-16,,False
411,770,Starter,29,2025-08-12,2025-12-31,True
412,771,Starter,29,2025-11-24,,False
413,772,Enterprise,499,2025-01-19,,False
414,773,Pro,99,2025-02-10,,False
415,776,Starter,29,2025-08-29,2025-12-31,True
416,778,Pro,99,2025-10-04,,False
417,779,Pro,99,2024-09-05,,False
418,780,Starter,29,2024-04-14,,False
419,781,Pro,99,2025-12-14,,False
420,782,Starter,29,2024-11-04,,False
421,783,Pro,99,2025-12-01,,False
422,785,Pro,99,2024-05-03,,False
423,787,Starter,29,2024-02-12,2024-05-23,True
424,789,Pro,99,2025-06-29,,False
425,790,Starter,29,2025-03-14,2025-10-30,True
426,791,Starter,29,2025-11-08,2025-12-31,True
427,792,Starter,29,2025-01-14,2025-05-15,True
428,793,Pro,99,2024-03-11,,False
429,795,Starter,29,2025-10-25,,False
430,797,Starter,29,2024-01-13,,False
431,798,Starter,29,2025-03-06,2025-05-09,True
432,799,Starter,29,2025-05-16,,False
433,800,Starter,29,2024-04-18,,False
434,801,Pro,99,2025-03-19,2025-12-19,True
435,803,Starter,29,2025-10-12,2025-12-30,True
436,804,Starter,29,2025-04-15,,False
437,806,Starter,29,2024-06-05,,False
438,808,Starter,29,2024-06-29,2024-11-29,True
439,809,Starter,29,2025-06-18,,False
440,810,Starter,29,2025-10-28,2025-12-31,True
441,811,Starter,29,2024-10-03,,False
442,812,Starter,29,2025-09-22,,False
443,813,Starter,29,2025-07-05,2025-12-01,True
444,814,Starter,29,2025-05-10,2025-12-31,True
445,816,Starter,29,2025-03-22,2025-12-31,True
446,817,Starter,29,2025-08-29,2025-12-06,True
447,818,Enterprise,499,2024-10-01,,False
448,819,Pro,99,2024-11-26,,False
449,822,Starter,29,2024-10-12,2025-05-20,True
450,823,Enterprise,499,2025-04-06,,False
451,824,Starter,29,2024-09-06,2024-11-11,True
452,825,Starter,29,2025-04-20,,False
453,827,Starter,29,2025-09-16,2025-10-26,True
454,831,Starter,29,2024-01-30,,False
455,832,Pro,99,2025-05-21,,False
456,834,Pro,99,2024-07-05,,False
457,835,Pro,99,2025-05-14,,False
458,836,Starter,29,2024-08-05,,False
459,839,Starter,29,2024-12-14,,False
460,841,Enterprise,499,2025-09-02,,False
461,845,Starter,29,2024-01-11,2024-02-28,True
462,846,Starter,29,2025-06-13,,False
463,847,Starter,29,2024-07-14,2024-12-27,True
464,849,Starter,29,2024-09-04,,False
465,850,Enterprise,499,2025-02-20,,False
466,851,Pro,99,2025-05-15,,False
467,852,Enterprise,499,2025-07-22,,False
468,853,Starter,29,2024-09-03,2025-04-18,True
469,854,Starter,29,2025-12-08,,False
470,855,Enterprise,499,2025-05-02,,False
471,857,Starter,29,2025-12-29,2025-12-31,True
472,858,Pro,99,2025-05-17,,False
473,859,Enterprise,499,2025-04-03,,False
474,861,Starter,29,2024-04-05,2024-12-17,True
475,862,Starter,29,2024-10-28,,False
476,864,Starter,29,2025-02-18,2025-11-28,True
477,866,Starter,29,2024-09-06,,False
478,867,Starter,29,2024-11-09,,False
479,868,Starter,29,2025-11-10,,False
480,869,Starter,29,2025-08-18,,False
481,870,Starter,29,2025-01-12,,False
482,871,Starter,29,2025-04-29,,False
483,872,Pro,99,2025-07-20,,False
484,874,Starter,29,2024-12-18,2025-03-31,True
485,875,Starter,29,2025-03-11,,False
486,876,Starter,29,2025-07-17,,False
487,878,Pro,99,2024-12-26,,False
488,879,Starter,29,2025-12-20,2025-12-31,True
489,881,Starter,29,2024-10-04,2025-01-18,True
490,882,Starter,29,2024-11-09,,False
491,886,Pro,99,2024-07-16,,False
492,887,Enterprise,499,2024-11-19,,False
493,889,Pro,99,2025-07-02,,False
494,890,Starter,29,2025-12-07,,False
495,891,Pro,99,2024-07-08,,False
496,892,Starter,29,2024-07-15,2024-08-23,True
497,893,Starter,29,2024-08-09,2024-10-23,True
498,894,Enterprise,499,2025-05-10,,False
499,895,Starter,29,2024-10-10,2025-07-17,True
500,896,Starter,29,2025-08-26,,False
501,897,Starter,29,2025-06-21,,False
502,900,Pro,99,2024-04-12,,False
503,901,Starter,29,2024-07-17,,False
504,902,Starter,29,2024-10-30,2025-05-04,True
505,904,Pro,99,2025-01-04,,False
506,906,Pro,99,2024-11-05,,False
507,908,Starter,29,2025-12-26,,False
508,909,Starter,29,2025-06-30,,False
509,910,Pro,99,2024-05-09,,False
510,915,Pro,99,2024-10-26,,False
511,916,Starter,29,2025-12-15,,False
512,917,Starter,29,2024-05-09,2024-07-29,True
513,920,Pro,99,2024-04-15,,False
514,921,Starter,29,2024-01-13,,False
515,923,Starter,29,2024-10-18,,False
516,924,Enterprise,499,2025-04-25,,False
517,927,Enterprise,499,2024-12-14,,False
518,928,Starter,29,2024-07-07,,False
519,929,Enterprise,499,2024-02-22,,False
520,930,Starter,29,2024-09-15,,False
521,931,Starter,29,2025-05-04,,False
522,937,Starter,29,2025-08-13,2025-12-31,True
523,938,Pro,99,2025-10-06,2025-11-22,True
524,940,Starter,29,2024-02-24,,False
525,941,Starter,29,2024-06-04,,False
526,943,Starter,29,2025-07-30,,False
527,945,Starter,29,2024-03-28,,False
528,948,Starter,29,2025-07-25,2025-12-31,True
529,950,Pro,99,2025-09-12,2025-10-18,True
530,951,Starter,29,2025-09-02,,False
531,952,Starter,29,2025-09-25,,False
532,955,Enterprise,499,2025-01-24,,False
533,957,Enterprise,499,2025-03-29,,False
534,960,Starter,29,2025-03-15,2025-10-20,True
535,961,Starter,29,2024-11-08,,False
536,962,Starter,29,2025-08-05,2025-09-14,True
537,965,Pro,99,2025-09-16,,False
538,967,Starter,29,2024-07-31,2025-02-04,True
539,969,Pro,99,2024-08-04,,False
540,970,Pro,99,2024-09-27,,False
541,971,Pro,99,2025-11-07,,False
542,972,Starter,29,2024-03-24,2024-07-05,True
543,973,Enterprise,499,2024-06-09,2024-09-18,True
544,975,Starter,29,2024-06-26,,False
545,977,Pro,99,2024-03-17,2025-01-10,True
546,978,Starter,29,2024-06-09,,False
547,982,Pro,99,2025-12-06,,False
548,984,Pro,99,2025-04-26,,False
549,987,Starter,29,2024-08-25,,False
550,988,Starter,29,2024-10-22,,False
551,989,Pro,99,2025-12-24,,False
552,990,Pro,99,2024-10-16,,False
553,993,Starter,29,2024-03-13,2024-08-29,True
554,996,Starter,29,2024-09-27,2025-03-22,True
555,997,Pro,99,2025-10-02,,False
556,998,Starter,29,2025-08-26,2025-12-31,True
557,999,Starter,29,2025-11-08,,False
558,1000,Pro,99,2024-07-21,,False
559,1001,Starter,29,2025-03-11,,False
560,1002,Pro,99,2024-04-27,2024-05-28,True
561,1005,Starter,29,2025-10-25,,False
562,1007,Pro,99,2024-09-29,,False
563,1009,Starter,29,2024-03-14,,False
564,1011,Starter,29,2024-06-18,,False
565,1012,Pro,99,2024-11-10,,False
566,1013,Starter,29,2025-09-01,,False
567,1014,Starter,29,2025-08-05,,False
568,1015,Starter,29,2024-10-22,,False
569,1016,Enterprise,499,2025-03-25,,False
570,1019,Starter,29,2025-12-06,,False
571,1022,Starter,29,2025-02-16,,False
572,1023,Pro,99,2024-10-05,,False
573,1027,Starter,29,2025-03-24,2025-06-30,True
574,1028,Pro,99,2024-03-23,,False
575,1029,Pro,99,2025-09-04,,False
576,1031,Starter,29,2025-03-18,2025-05-15,True
577,1032,Pro,99,2024-11-26,,False
578,1036,Starter,29,2024-04-03,,False
579,1037,Starter,29,2024-08-22,2025-06-05,True
580,1039,Pro,99,2025-08-12,2025-12-31,True
581,1040,Pro,99,2025-08-24,,False
582,1041,Starter,29,2024-01-22,,False
583,1042,Pro,99,2025-11-19,,False
584,1043,Starter,29,2024-10-02,,False
585,1044,Starter,29,2025-08-13,2025-12-31,True
586,1045,Pro,99,2024-02-11,,False
587,1047,Enterprise,499,2025-04-26,,False
588,1048,Pro,99,2025-06-15,2025-12-10,True
589,1050,Starter,29,2025-03-28,,False
590,1051,Pro,99,2024-10-11,,False
591,1052,Starter,29,2024-07-04,2024-11-19,True
592,1053,Starter,29,2025-08-22,,False
593,1054,Starter,29,2025-03-22,,False
594,1055,Enterprise,499,2025-10-12,,False
595,1058,Pro,99,2025-04-26,,False
596,1059,Starter,29,2024-12-22,,False
597,1060,Starter,29,2025-02-22,2025-09-04,True
598,1061,Starter,29,2024-12-07,2025-06-16,True
599,1062,Starter,29,2024-11-24,,False
600,1063,Starter,29,2025-11-17,,False
601,1065,Enterprise,499,2024-06-13,,False
602,1070,Pro,99,2024-10-22,2025-01-10,True
603,1071,Pro,99,2025-11-09,,False
604,1075,Starter,29,2025-04-10,,False
605,1076,Pro,99,2024-03-31,,False
606,1077,Enterprise,499,2024-11-18,,False
607,1079,Pro,99,2024-11-27,,False
608,1085,Enterprise,499,2025-07-09,,False
609,1088,Starter,29,2024-02-25,2024-05-15,True
610,1089,Pro,99,2024-07-11,,False
611,1090,Starter,29,2025-06-14,2025-11-13,True
612,1092,Starter,29,2025-09-29,,False
613,1093,Pro,99,2025-05-25,2025-12-31,True
614,1094,Starter,29,2025-10-02,2025-12-31,True
615,1095,Pro,99,2025-03-28,,False
616,1096,Starter,29,2024-02-22,,False
617,1098,Starter,29,2024-09-30,,False
618,1099,Starter,29,2025-07-16,,False
619,1101,Pro,99,2024-10-21,,False
620,1103,Pro,99,2025-12-16,,False
621,1104,Pro,99,2025-05-11,2025-09-06,True
622,1107,Starter,29,2025-10-07,,False
623,1108,Starter,29,2025-09-15,,False
624,1110,Starter,29,2025-12-27,2025-12-31,True
625,1112,Pro,99,2024-11-14,,False
626,1113,Starter,29,2025-07-18,,False
627,1114,Enterprise,499,2024-01-15,,False
628,1115,Starter,29,2025-07-19,,False
629,1116,Starter,29,2025-02-21,,False
630,1117,Starter,29,2024-04-05,,False
631,1118,Pro,99,2024-08-18,,False
632,1119,Starter,29,2024-04-26,,False
633,1120,Starter,29,2025-04-17,,False
634,1121,Pro,99,2024-04-30,2024-07-09,True
635,1122,Starter,29,2025-10-25,,False
636,1124,Starter,29,2025-05-25,2025-12-31,True
637,1127,Starter,29,2025-12-23,,False
638,1128,Starter,29,2024-10-06,,False
639,1131,Starter,29,2025-04-28,2025-09-19,True
640,1132,Starter,29,2024-09-06,2025-03-10,True
641,1133,Starter,29,2025-04-12,,False
642,1134,Pro,99,2025-07-18,,False
643,1136,Starter,29,2025-01-27,,False
644,1137,Enterprise,499,2024-07-14,,False
645,1139,Pro,99,2025-06-04,,False
646,1141,Starter,29,2024-03-12,2024-10-09,True
647,1143,Starter,29,2025-02-28,,False
648,1144,Pro,99,2024-12-14,,False
649,1145,Starter,29,2025-06-03,,False
650,1146,Starter,29,2024-09-30,,False
651,1149,Starter,29,2024-11-01,,False
652,1150,Starter,29,2025-08-24,,False
653,1151,Enterprise,499,2025-08-16,,False
654,1152,Starter,29,2025-11-06,,False
655,1155,Starter,29,2025-04-02,2025-07-04,True
656,1156,Starter,29,2025-07-05,,False
657,1157,Pro,99,2025-05-10,,False
658,1159,Pro,99,2024-12-06,,False
659,1161,Pro,99,2025-07-10,,False
660,1167,Enterprise,499,2024-09-01,,False
661,1168,Starter,29,2025-08-08,2025-09-08,True
662,1170,Pro,99,2024-08-27,2024-10-09,True
663,1172,Starter,29,2024-02-14,2024-03-16,True
664,1173,Enterprise,499,2024-11-21,,False
665,1174,Starter,29,2025-04-29,,False
666,1175,Starter,29,2025-12-23,,False
667,1176,Starter,29,2025-01-25,,False
668,1179,Starter,29,2025-10-29,,False
669,1180,Starter,29,2024-06-04,2024-09-03,True
670,1181,Enterprise,499,2025-05-22,,False
671,1183,Starter,29,2024-05-09,,False
672,1184,Starter,29,2025-05-29,,False
673,1185,Starter,29,2025-08-27,,False
674,1186,Starter,29,2024-12-05,,False
675,1187,Starter,29,2024-04-12,2024-08-03,True
676,1190,Starter,29,2025-06-22,,False
677,1192,Starter,29,2024-01-16,,False
678,1195,Enterprise,499,2025-11-01,,False
679,1196,Starter,29,2024-06-07,,False
680,1198,Enterprise,499,2025-04-25,,False
681,1203,Pro,99,2025-02-11,,False
682,1204,Starter,29,2025-10-27,,False
683,1208,Starter,29,2025-06-30,2025-11-06,True
684,1209,Starter,29,2025-01-24,,False
685,1211,Pro,99,2025-10-03,,False
686,1213,Starter,29,2025-07-08,,False
687,1215,Starter,29,2025-09-24,,False
688,1217,Pro,99,2024-08-28,,False
689,1220,Starter,29,2024-10-21,,False
690,1222,Starter,29,2024-04-02,,False
691,1223,Pro,99,2025-03-20,,False
692,1224,Starter,29,2024-04-10,,False
693,1226,Enterprise,499,2025-12-21,,False
694,1228,Starter,29,2025-03-30,,False
695,1231,Starter,29,2024-11-02,,False
696,1234,Pro,99,2024-11-28,,False
697,1235,Starter,29,2024-02-27,,False
698,1238,Starter,29,2025-01-18,,False
699,1239,Starter,29,2025-03-17,,False
700,1240,Starter,29,2024-05-29,2024-08-23,True
701,1241,Starter,29,2024-09-07,,False
702,1243,Starter,29,2025-02-25,2025-06-16,True
703,1244,Pro,99,2025-08-02,,False
704,1245,Starter,29,2025-11-29,2025-12-31,True
705,1246,Pro,99,2024-07-03,,False
706,1247,Pro,99,2024-06-23,,False
707,1251,Starter,29,2025-01-26,2025-10-25,True
708,1252,Starter,29,2025-09-26,,False
709,1253,Starter,29,2025-11-30,,False
710,1255,Pro,99,2025-05-24,,False
711,1256,Enterprise,499,2025-08-20,,False
712,1258,Pro,99,2024-08-25,,False
713,1259,Enterprise,499,2025-04-17,,False
714,1260,Starter,29,2025-10-15,,False
715,1263,Pro,99,2024-09-18,,False
716,1265,Starter,29,2024-01-10,,False
717,1267,Pro,99,2024-10-21,,False
718,1269,Starter,29,2025-07-13,2025-12-24,True
719,1271,Pro,99,2024-03-16,,False
720,1272,Pro,99,2025-03-28,,False
721,1275,Starter,29,2024-11-02,,False
722,1277,Starter,29,2025-03-10,,False
723,1278,Starter,29,2025-12-07,2025-12-31,True
724,1280,Enterprise,499,2025-04-12,,False
725,1281,Starter,29,2024-11-05,,False
726,1282,Enterprise,499,2024-07-22,,False
727,1284,Starter,29,2025-05-09,,False
728,1287,Starter,29,2025-01-25,2025-11-07,True
729,1288,Starter,29,2025-08-08,2025-12-31,True
730,1289,Starter,29,2025-01-02,,False
731,1290,Pro,99,2025-08-11,,False
732,1292,Starter,29,2025-12-17,,False
733,1293,Starter,29,2024-10-29,2025-08-20,True
734,1294,Starter,29,2024-01-23,,False
735,1295,Starter,29,2025-11-05,2025-12-31,True
736,1297,Pro,99,2024-10-08,,False
737,1299,Pro,99,2025-08-02,,False
738,1302,Starter,29,2025-09-12,,False
739,1303,Pro,99,2025-05-23,,False
740,1304,Pro,99,2024-10-20,,False
741,1305,Starter,29,2024-08-23,,False
742,1306,Enterprise,499,2025-09-13,,False
743,1308,Pro,99,2024-08-12,,False
744,1309,Pro,99,2025-10-13,2025-12-31,True
745,1310,Starter,29,2024-07-13,,False
746,1311,Enterprise,499,2025-09-27,,False
747,1312,Starter,29,2024-09-13,,False
748,1313,Starter,29,2025-11-25,,False
749,1318,Starter,29,2024-04-09,,False
750,1319,Starter,29,2025-10-04,,False
751,1320,Enterprise,499,2025-10-23,,False
752,1321,Pro,99,2024-02-10,,False
753,1322,Pro,99,2024-11-12,,False
754,1324,Starter,29,2024-02-04,,False
755,1326,Starter,29,2025-01-08,,False
756,1328,Pro,99,2024-04-02,,False
757,1329,Starter,29,2024-10-29,,False
758,1330,Starter,29,2024-11-30,,False
759,1331,Starter,29,2025-03-01,,False
760,1332,Starter,29,2024-06-28,,False
761,1333,Starter,29,2024-07-24,,False
762,1334,Starter,29,2024-05-15,,False
763,1336,Starter,29,2025-01-09,,False
764,1337,Starter,29,2025-06-27,,False
765,1340,Pro,99,2024-06-17,2024-11-05,True
766,1342,Starter,29,2025-05-08,,False
767,1343,Pro,99,2024-10-29,,False
768,1344,Pro,99,2024-12-12,,False
769,1345,Pro,99,2024-04-27,,False
770,1346,Starter,29,2025-04-24,,False
771,1348,Pro,99,2024-05-24,2024-10-29,True
772,1349,Starter,29,2024-08-19,,False
773,1352,Starter,29,2025-02-10,,False
774,1354,Pro,99,2025-01-09,,False
775,1355,Starter,29,2024-04-02,,False
776,1356,Starter,29,2025-02-08,2025-08-05,True
777,1357,Starter,29,2024-01-15,2024-08-14,True
778,1359,Starter,29,2025-07-03,,False
779,1360,Starter,29,2024-05-06,,False
780,1363,Pro,99,2025-11-19,,False
781,1364,Starter,29,2025-11-19,2025-12-31,True
782,1368,Starter,29,2025-10-15,,False
783,1369,Pro,99,2025-01-15,,False
784,1372,Starter,29,2024-08-27,,False
785,1374,Starter,29,2024-01-26,,False
786,1377,Pro,99,2024-12-01,,False
787,1378,Enterprise,499,2025-09-16,,False
788,1379,Starter,29,2024-08-14,2025-01-19,True
789,1380,Starter,29,2025-10-25,2025-12-31,True
790,1381,Pro,99,2024-03-05,,False
791,1383,Starter,29,2025-04-20,,False
792,1384,Pro,99,2025-12-18,,False
793,1386,Starter,29,2025-10-26,,False
794,1387,Pro,99,2025-02-22,,False
795,1388,Starter,29,2024-04-29,,False
796,1391,Starter,29,2024-02-08,,False
797,1392,Pro,99,2024-11-07,2025-01-31,True
798,1393,Enterprise,499,2025-05-19,,False
799,1394,Starter,29,2024-04-28,,False
800,1395,Starter,29,2024-04-09,2024-07-24,True
801,1398,Starter,29,2024-05-18,,False
802,1399,Starter,29,2025-02-01,,False
803,1402,Starter,29,2025-11-17,,False
804,1403,Starter,29,2025-12-14,2025-12-31,True
805,1404,Starter,29,2025-07-07,2025-12-31,True
806,1405,Pro,99,2025-03-05,,False
807,1407,Starter,29,2024-06-07,,False
808,1409,Pro,99,2025-11-01,,False
809,1410,Pro,99,2024-04-11,,False
810,1411,Starter,29,2025-05-16,,False
811,1412,Starter,29,2025-09-22,2025-12-31,True
812,1413,Starter,29,2025-02-21,,False
813,1417,Starter,29,2025-01-14,2025-06-10,True
814,1418,Starter,29,2024-08-10,,False
815,1419,Pro,99,2025-03-30,,False
816,1420,Starter,29,2025-03-31,2025-12-31,True
817,1421,Starter,29,2024-08-29,2025-05-22,True
818,1423,Starter,29,2024-04-11,2024-09-10,True
819,1424,Starter,29,2025-12-03,2025-12-31,True
820,1425,Starter,29,2025-01-11,2025-03-18,True
821,1426,Enterprise,499,2025-07-11,,False
822,1427,Starter,29,2025-10-22,,False
823,1430,Pro,99,2025-02-11,,False
824,1433,Pro,99,2024-05-05,,False
825,1435,Starter,29,2024-04-03,2025-01-22,True
826,1436,Pro,99,2025-11-09,,False
827,1437,Pro,99,2024-08-05,,False
828,1439,Starter,29,2025-10-16,2025-12-31,True
829,1442,Starter,29,2024-02-21,2024-04-11,True
830,1444,Starter,29,2024-09-06,2024-11-23,True
831,1445,Starter,29,2024-05-08,,False
832,1448,Starter,29,2024-03-11,,False
833,1450,Starter,29,2024-07-31,2024-12-10,True
834,1452,Starter,29,2024-08-09,,False
835,1454,Pro,99,2024-12-02,,False
836,1455,Pro,99,2024-05-31,,False
837,1456,Pro,99,2025-09-02,,False
838,1457,Pro,99,2024-01-03,,False
839,1458,Starter,29,2024-10-10,2025-02-27,True
840,1459,Starter,29,2024-05-28,2025-01-19,True
841,1461,Starter,29,2025-07-07,,False
842,1463,Starter,29,2024-06-27,,False
843,1464,Pro,99,2024-04-22,,False
844,1465,Starter,29,2025-11-07,,False
845,1467,Starter,29,2024-05-14,,False
846,1468,Starter,29,2024-01-16,2024-04-12,True
847,1469,Starter,29,2025-01-01,,False
848,1470,Starter,29,2024-08-31,2025-05-17,True
849,1471,Starter,29,2025-08-25,2025-12-31,True
850,1472,Starter,29,2024-11-27,2025-02-03,True
851,1475,Starter,29,2024-09-28,2024-12-26,True
852,1476,Starter,29,2024-02-23,,False
853,1477,Pro,99,2024-05-09,,False
854,1479,Starter,29,2025-06-22,,False
855,1480,Pro,99,2024-04-26,,False
856,1482,Starter,29,2025-05-02,2025-07-30,True
857,1488,Enterprise,499,2025-04-07,,False
858,1490,Starter,29,2024-08-14,2024-10-17,True
859,1495,Starter,29,2024-11-04,,False
860,1497,Pro,99,2025-10-20,,False
861,1498,Starter,29,2024-02-01,,False
862,1500,Starter,29,2025-05-05,,False
863,1501,Starter,29,2025-02-15,,False
864,1502,Starter,29,2025-03-12,2025-11-24,True
865,1503,Starter,29,2025-12-03,2025-12-31,True
866,1504,Starter,29,2024-04-20,2024-12-08,True
867,1506,Starter,29,2025-12-30,2025-12-31,True
868,1508,Starter,29,2024-03-16,2024-09-23,True
869,1509,Starter,29,2024-03-23,,False
870,1511,Starter,29,2025-09-14,2025-12-26,True
871,1512,Starter,29,2024-05-31,,False
872,1513,Enterprise,499,2024-03-08,,False
873,1514,Starter,29,2024-05-09,2024-09-23,True
874,1515,Starter,29,2024-10-08,,False
875,1516,Starter,29,2025-10-01,,False
876,1517,Starter,29,2025-10-10,,False
877,1520,Starter,29,2025-12-30,,False
878,1523,Starter,29,2025-09-03,,False
879,1526,Starter,29,2025-04-09,2025-05-13,True
880,1527,Starter,29,2025-06-01,2025-08-23,True
881,1530,Starter,29,2024-04-11,,False
882,1533,Starter,29,2025-11-01,,False
883,1535,Starter,29,2025-07-18,,False
884,1537,Enterprise,499,2025-03-16,,False
885,1538,Starter,29,2025-04-07,,False
886,1539,Starter,29,2024-08-21,,False
887,1540,Starter,29,2025-02-27,,False
888,1541,Starter,29,2024-12-13,2025-09-05,True
889,1542,Starter,29,2025-04-09,2025-12-31,True
890,1543,Starter,29,2025-02-12,,False
891,1547,Starter,29,2025-03-13,2025-08-07,True
892,1549,Starter,29,2025-11-12,2025-12-31,True
893,1553,Starter,29,2025-12-04,2025-12-31,True
894,1557,Enterprise,499,2024-03-28,2024-12-09,True
895,1559,Starter,29,2025-03-18,2025-06-04,True
896,1560,Starter,29,2024-04-08,,False
897,1561,Starter,29,2025-01-16,2025-04-20,True
898,1565,Starter,29,2025-08-23,,False
899,1568,Pro,99,2024-12-03,2025-03-13,True
900,1572,Pro,99,2024-12-28,,False
901,1574,Starter,29,2025-03-09,,False
902,1575,Pro,99,2024-02-22,,False
903,1576,Starter,29,2024-10-21,,False
904,1577,Starter,29,2025-09-06,,False
905,1579,Pro,99,2024-12-26,,False
906,1580,Pro,99,2024-04-16,,False
907,1582,Starter,29,2025-06-03,2025-07-15,True
908,1583,Pro,99,2024-08-05,,False
909,1584,Starter,29,2024-06-07,,False
910,1585,Starter,29,2025-11-03,2025-12-31,True
911,1587,Starter,29,2024-08-17,2025-04-09,True
912,1589,Starter,29,2024-12-24,,False
913,1590,Pro,99,2025-07-23,,False
914,1591,Starter,29,2025-01-11,,False
915,1592,Starter,29,2024-04-27,2024-07-04,True
916,1594,Starter,29,2025-08-10,2025-12-31,True
917,1596,Enterprise,499,2025-03-15,,False
918,1598,Starter,29,2025-09-28,,False
919,1599,Pro,99,2025-09-20,,False
920,1600,Pro,99,2025-11-22,,False
921,1601,Starter,29,2025-10-20,,False
922,1602,Pro,99,2025-07-24,2025-08-29,True
923,1606,Starter,29,2025-12-11,,False
924,1607,Starter,29,2024-09-30,,False
925,1608,Starter,29,2024-01-30,2024-08-08,True
926,1609,Starter,29,2024-07-03,2024-09-14,True
927,1610,Starter,29,2024-10-06,,False
928,1611,Starter,29,2025-12-20,2025-12-31,True
929,1612,Pro,99,2024-11-12,,False
930,1613,Starter,29,2024-12-13,,False
931,1614,Pro,99,2024-12-25,,False
932,1615,Starter,29,2024-01-07,2024-02-26,True
933,1620,Enterprise,499,2025-02-14,,False
934,1621,Starter,29,2024-03-12,2024-05-18,True
935,1623,Pro,99,2025-10-10,,False
936,1625,Starter,29,2024-04-03,2024-08-14,True
937,1626,Pro,99,2025-06-27,,False
938,1629,Starter,29,2025-03-05,,False
939,1633,Starter,29,2025-01-13,2025-07-27,True
940,1634,Enterprise,499,2024-11-15,,False
941,1635,Pro,99,2024-11-28,,False
942,1638,Starter,29,2024-03-27,2025-01-05,True
943,1640,Pro,99,2024-06-08,,False
944,1641,Pro,99,2024-06-10,,False
945,1643,Pro,99,2024-02-20,,False
946,1648,Enterprise,499,2025-11-08,,False
947,1652,Enterprise,499,2025-03-28,,False
948,1653,Starter,29,2025-02-28,,False
949,1659,Pro,99,2025-03-16,,False
950,1661,Starter,29,2024-10-17,,False
951,1663,Pro,99,2025-11-25,,False
952,1668,Starter,29,2024-11-11,2025-07-14,True
953,1672,Starter,29,2025-09-05,2025-12-31,True
954,1675,Pro,99,2024-07-28,,False
955,1683,Starter,29,2024-01-08,,False
956,1686,Pro,99,2024-06-28,,False
957,1687,Starter,29,2024-05-12,,False
958,1688,Starter,29,2025-01-24,,False
959,1689,Pro,99,2025-06-29,,False
960,1691,Starter,29,2024-08-23,,False
961,1692,Starter,29,2025-05-27,,False
962,1693,Starter,29,2025-07-26,2025-12-31,True
963,1696,Enterprise,499,2024-03-14,,False
964,1699,Starter,29,2025-03-22,2025-05-20,True
965,1700,Starter,29,2024-01-20,,False
966,1705,Starter,29,2025-03-15,,False
967,1707,Enterprise,499,2025-02-18,,False
968,1711,Starter,29,2024-10-23,,False
969,1713,Starter,29,2025-02-18,2025-08-20,True
970,1714,Starter,29,2024-01-22,,False
971,1717,Pro,99,2025-09-24,,False
972,1718,Starter,29,2025-04-16,,False
973,1722,Starter,29,2025-03-23,,False
974,1723,Starter,29,2024-04-18,,False
975,1725,Starter,29,2025-03-22,2025-12-22,True
976,1726,Starter,29,2025-08-26,,False
977,1729,Starter,29,2024-03-21,2024-04-27,True
978,1730,Starter,29,2025-02-09,2025-04-27,True
979,1732,Pro,99,2024-12-13,,False
980,1735,Starter,29,2024-06-21,,False
981,1736,Starter,29,2024-03-19,,False
982,1741,Starter,29,2025-06-06,,False
983,1743,Pro,99,2024-12-23,,False
984,1745,Starter,29,2025-10-22,,False
985,1747,Starter,29,2024-08-29,,False
986,1749,Pro,99,2024-05-29,,False
987,1750,Starter,29,2024-09-19,,False
988,1753,Starter,29,2025-09-08,,False
989,1756,Starter,29,2024-03-18,,False
990,1758,Starter,29,2025-10-05,,False
991,1759,Starter,29,2025-05-20,,False
992,1760,Starter,29,2025-04-20,,False
993,1761,Starter,29,2025-07-31,,False
994,1762,Starter,29,2025-08-16,,False
995,1763,Pro,99,2025-04-04,,False
996,1765,Starter,29,2025-08-01,,False
997,1767,Pro,99,2025-10-12,,False
998,1768,Starter,29,2025-10-01,,False
999,1769,Starter,29,2024-11-26,,False
1000,1770,Starter,29,2025-10-04,,False
1001,1771,Pro,99,2024-11-19,,False
1002,1772,Starter,29,2024-06-03,2024-12-14,True
1003,1774,Starter,29,2024-03-10,,False
1004,1778,Starter,29,2024-11-06,2025-09-01,True
1005,1779,Starter,29,2024-10-08,2025-03-24,True
1006,1780,Pro,99,2025-08-28,,False
1007,1781,Starter,29,2024-02-27,,False
1008,1782,Starter,29,2024-12-26,,False
1009,1783,Starter,29,2025-06-03,2025-08-02,True
1010,1784,Starter,29,2024-03-16,,False
1011,1786,Starter,29,2025-04-17,2025-12-20,True
1012,1787,Starter,29,2025-04-07,2025-08-30,True
1013,1788,Pro,99,2024-02-08,,False
1014,1790,Starter,29,2025-01-12,2025-05-15,True
1015,1794,Starter,29,2024-04-02,,False
1016,1796,Starter,29,2025-08-31,,False
1017,1803,Starter,29,2025-04-05,2025-05-06,True
1018,1806,Starter,29,2024-07-11,,False
1019,1809,Starter,29,2025-05-02,2025-07-18,True
1020,1810,Pro,99,2025-05-28,2025-08-22,True
1021,1811,Starter,29,2024-06-03,,False
1022,1812,Starter,29,2024-03-04,2024-06-20,True
1023,1816,Starter,29,2024-03-27,2024-12-24,True
1024,1817,Enterprise,499,2025-05-31,,False
1025,1818,Starter,29,2025-10-23,,False
1026,1819,Enterprise,499,2024-06-25,,False
1027,1820,Enterprise,499,2024-02-10,,False
1028,1821,Pro,99,2024-09-10,,False
1029,1827,Pro,99,2025-09-16,,False
1030,1828,Starter,29,2024-06-11,,False
1031,1829,Starter,29,2025-01-07,,False
1032,1830,Pro,99,2025-01-16,2025-08-10,True
1033,1835,Starter,29,2025-11-26,,False
1034,1837,Starter,29,2024-02-23,2024-05-26,True
1035,1841,Starter,29,2024-03-08,2024-07-05,True
1036,1842,Starter,29,2024-12-03,,False
1037,1844,Pro,99,2025-07-25,2025-12-31,True
1038,1845,Enterprise,499,2025-11-25,,False
1039,1847,Pro,99,2024-10-17,,False
1040,1848,Starter,29,2024-09-15,,False
1041,1849,Starter,29,2025-11-03,2025-12-31,True
1042,1850,Pro,99,2025-09-09,,False
1043,1851,Starter,29,2024-06-02,,False
1044,1853,Starter,29,2024-03-24,,False
1045,1855,Starter,29,2025-11-10,,False
1046,1857,Starter,29,2024-12-24,,False
1047,1861,Starter,29,2025-11-09,,False
1048,1863,Starter,29,2024-05-12,,False
1049,1864,Starter,29,2025-09-01,,False
1050,1867,Starter,29,2024-11-13,,False
1051,1869,Starter,29,2025-01-20,,False
1052,1870,Starter,29,2025-10-20,2025-12-31,True
1053,1871,Pro,99,2024-12-02,2025-01-19,True
1054,1872,Starter,29,2024-05-10,2024-07-26,True
1055,1873,Starter,29,2025-11-17,,False
1056,1875,Pro,99,2025-12-02,,False
1057,1879,Pro,99,2025-11-17,,False
1058,1880,Pro,99,2025-03-09,,False
1059,1882,Starter,29,2025-01-05,2025-10-01,True
1060,1884,Starter,29,2025-01-06,2025-07-25,True
1061,1887,Starter,29,2024-08-07,2024-10-24,True
1062,1889,Starter,29,2025-05-12,2025-10-31,True
1063,1890,Starter,29,2024-07-15,2024-12-15,True
1064,1892,Pro,99,2024-05-20,,False
1065,1893,Starter,29,2024-06-07,,False
1066,1895,Pro,99,2024-10-29,2025-01-20,True
1067,1898,Starter,29,2025-07-06,,False
1068,1899,Starter,29,2025-06-23,2025-12-31,True
1069,1901,Pro,99,2025-11-08,,False
1070,1903,Starter,29,2025-09-24,2025-12-13,True
1071,1904,Starter,29,2024-05-14,2024-07-12,True
1072,1905,Starter,29,2025-09-03,2025-12-31,True
1073,1906,Starter,29,2025-01-20,2025-07-25,True
1074,1909,Starter,29,2024-07-04,,False
1075,1912,Starter,29,2024-06-18,,False
1076,1914,Pro,99,2024-02-14,,False
1077,1915,Pro,99,2025-02-24,,False
1078,1918,Starter,29,2024-08-31,2025-05-08,True
1079,1919,Starter,29,2025-03-30,,False
1080,1920,Pro,99,2025-09-17,,False
1081,1921,Starter,29,2024-10-18,2025-02-10,True
1082,1925,Starter,29,2024-09-01,,False
1083,1927,Starter,29,2025-04-25,2025-12-07,True
1084,1928,Starter,29,2024-07-17,,False
1085,1930,Pro,99,2025-11-25,,False
1086,1931,Enterprise,499,2025-08-07,,False
1087,1933,Starter,29,2025-04-17,,False
1088,1934,Starter,29,2024-10-15,,False
1089,1938,Starter,29,2025-03-04,,False
1090,1939,Starter,29,2024-06-14,,False
1091,1940,Starter,29,2024-07-23,2024-09-24,True
1092,1941,Enterprise,499,2025-09-11,,False
1093,1944,Pro,99,2024-02-23,,False
1094,1945,Pro,99,2025-10-18,,False
1095,1947,Pro,99,2025-01-15,,False
1096,1948,Starter,29,2025-07-21,2025-12-31,True
1097,1950,Pro,99,2025-12-29,,False
1098,1952,Starter,29,2024-05-07,,False
1099,1953,Pro,99,2024-10-18,,False
1100,1955,Starter,29,2024-06-13,,False
1101,1956,Pro,99,2024-10-06,,False
1102,1957,Starter,29,2025-04-05,2025-11-08,True
1103,1959,Pro,99,2024-05-30,2024-10-09,True
1104,1961,Starter,29,2024-04-03,2025-01-16,True
1105,1962,Starter,29,2024-08-15,2025-05-24,True
1106,1963,Pro,99,2025-04-06,,False
1107,1964,Starter,29,2024-12-23,,False
1108,1966,Starter,29,2025-02-28,,False
1109,1969,Pro,99,2025-05-29,,False
1110,1970,Pro,99,2025-01-17,2025-04-05,True
1111,1971,Starter,29,2024-08-29,,False
1112,1972,Pro,99,2025-01-30,,False
1113,1976,Starter,29,2024-01-29,,False
1114,1978,Starter,29,2024-04-11,2024-12-01,True
1115,1979,Pro,99,2025-10-27,,False
1116,1982,Starter,29,2024-05-20,,False
1117,1984,Starter,29,2024-10-20,,False
1118,1985,Starter,29,2025-04-28,,False
1119,1987,Starter,29,2024-05-22,2024-10-17,True
1120,1988,Pro,99,2025-12-23,,False
1121,1989,Starter,29,2025-04-25,,False
1122,1990,Starter,29,2025-04-04,2025-12-21,True
1123,1991,Pro,99,2025-09-22,,False
1124,1994,Starter,29,2024-01-20,,False
1125,1996,Enterprise,499,2024-08-08,,False
1126,1997,Starter,29,2024-06-02,2024-11-17,True
1127,2000,Pro,99,2025-06-24,,False
1128,2001,Starter,29,2025-03-09,2025-04-21,True
1129,2002,Starter,29,2024-04-23,,False
1130,2003,Starter,29,2024-10-22,2025-03-29,True
1131,2004,Starter,29,2024-08-31,,False
1132,2005,Pro,99,2024-11-04,,False
1133,2006,Pro,99,2024-05-04,,False
1134,2007,Starter,29,2024-02-18,2024-09-20,True
1135,2012,Starter,29,2025-04-13,,False
1136,2014,Enterprise,499,2024-04-23,,False
1137,2016,Enterprise,499,2025-09-03,,False
1138,2017,Enterprise,499,2025-07-02,,False
1139,2018,Starter,29,2024-01-17,2024-06-05,True
1140,2020,Pro,99,2025-06-11,,False
1141,2021,Pro,99,2025-08-11,,False
1142,2025,Starter,29,2025-03-15,,False
1143,2027,Enterprise,499,2025-09-21,,False
1144,2028,Starter,29,2024-12-27,,False
1145,2029,Enterprise,499,2024-09-03,,False
1146,2031,Starter,29,2025-03-02,,False
1147,2032,Starter,29,2024-07-10,,False
1148,2035,Enterprise,499,2024-03-28,,False
1149,2037,Pro,99,2025-01-04,,False
1150,2038,Starter,29,2024-03-10,,False
1151,2039,Pro,99,2025-06-22,,False
1152,2040,Starter,29,2025-07-11,,False
1153,2041,Starter,29,2025-06-03,,False
1154,2042,Starter,29,2025-06-03,2025-12-31,True
1155,2043,Starter,29,2025-07-21,2025-11-11,True
1156,2046,Pro,99,2025-04-26,,False
1157,2049,Starter,29,2025-01-31,2025-10-01,True
1158,2050,Starter,29,2025-01-17,,False
1159,2052,Starter,29,2024-01-17,,False
1160,2053,Pro,99,2024-12-31,,False
1161,2055,Pro,99,2024-12-19,,False
1162,2060,Pro,99,2025-08-18,,False
1163,2063,Starter,29,2024-02-15,,False
1164,2064,Starter,29,2024-12-26,2025-06-12,True
1165,2067,Starter,29,2025-10-20,,False
1166,2068,Starter,29,2024-06-28,,False
1167,2071,Pro,99,2025-12-13,,False
1168,2075,Starter,29,2024-05-18,,False
1169,2076,Pro,99,2024-03-05,2024-11-16,True
1170,2077,Starter,29,2025-04-13,,False
1171,2078,Enterprise,499,2024-02-07,,False
1172,2079,Starter,29,2024-10-27,,False
1173,2080,Starter,29,2024-07-25,,False
1174,2082,Starter,29,2024-07-23,2024-12-25,True
1175,2083,Starter,29,2024-02-12,,False
1176,2088,Pro,99,2025-07-10,2025-11-05,True
1177,2089,Enterprise,499,2025-04-29,,False
1178,2090,Starter,29,2024-09-16,2025-07-05,True
1179,2096,Starter,29,2024-02-18,2024-08-12,True
1180,2097,Pro,99,2025-11-02,,False
1181,2098,Pro,99,2024-12-05,,False
1182,2100,Pro,99,2024-05-07,,False
1183,2105,Starter,29,2025-01-30,2025-10-03,True
1184,2108,Starter,29,2025-05-23,,False
1185,2109,Starter,29,2025-12-09,,False
1186,2112,Pro,99,2025-06-15,,False
1187,2113,Starter,29,2024-09-30,,False
1188,2114,Starter,29,2024-03-25,,False
1189,2116,Starter,29,2024-03-21,,False
1190,2117,Starter,29,2025-03-16,,False
1191,2118,Starter,29,2025-09-08,2025-12-31,True
1192,2120,Starter,29,2025-07-12,,False
1193,2123,Pro,99,2024-04-15,,False
1194,2125,Pro,99,2024-12-01,,False
1195,2126,Pro,99,2025-11-07,,False
1196,2128,Starter,29,2024-11-09,2025-07-11,True
1197,2129,Starter,29,2025-04-01,2025-10-18,True
1198,2132,Starter,29,2024-06-19,,False
1199,2133,Starter,29,2025-12-07,2025-12-31,True
1200,2134,Starter,29,2025-03-30,,False
1201,2135,Starter,29,2024-12-25,2025-03-08,True
1202,2136,Starter,29,2025-04-02,,False
1203,2139,Starter,29,2025-09-21,,False
1204,2144,Starter,29,2024-03-17,2024-06-03,True
1205,2147,Starter,29,2025-02-19,2025-08-06,True
1206,2148,Enterprise,499,2025-01-07,2025-09-03,True
1207,2149,Starter,29,2025-06-09,,False
1208,2150,Pro,99,2025-11-26,,False
1209,2153,Pro,99,2024-05-26,,False
1210,2154,Starter,29,2025-09-14,,False
1211,2161,Starter,29,2025-10-22,,False
1212,2163,Starter,29,2025-01-05,,False
1213,2164,Starter,29,2025-01-27,,False
1214,2166,Starter,29,2024-02-03,,False
1215,2169,Starter,29,2025-11-26,,False
1216,2170,Enterprise,499,2025-04-05,,False
1217,2173,Starter,29,2025-03-30,,False
1218,2177,Pro,99,2025-06-26,,False
1219,2182,Starter,29,2024-10-12,,False
1220,2184,Starter,29,2024-04-26,,False
1221,2187,Starter,29,2025-05-26,,False
1222,2189,Starter,29,2025-01-31,2025-04-20,True
1223,2190,Pro,99,2025-07-29,,False
1224,2191,Starter,29,2024-04-30,,False
1225,2193,Starter,29,2024-09-23,,False
1226,2194,Starter,29,2025-12-21,,False
1227,2198,Starter,29,2024-10-19,2025-07-25,True
1228,2202,Starter,29,2024-05-05,,False
1229,2203,Starter,29,2024-05-18,,False
1230,2205,Starter,29,2025-04-07,,False
1231,2206,Pro,99,2024-06-25,,False
1232,2207,Enterprise,499,2025-12-31,,False
1233,2208,Pro,99,2025-03-31,,False
1234,2211,Pro,99,2024-11-23,,False
1235,2213,Pro,99,2024-12-21,,False
1236,2215,Pro,99,2024-03-07,,False
1237,2217,Starter,29,2025-07-09,,False
1238,2220,Pro,99,2024-06-10,,False
1239,2222,Starter,29,2025-12-27,,False
1240,2223,Starter,29,2025-12-18,,False
1241,2224,Starter,29,2025-10-15,,False
1242,2226,Starter,29,2025-01-05,2025-02-26,True
1243,2227,Starter,29,2025-06-04,,False
1244,2228,Starter,29,2024-08-17,,False
1245,2229,Starter,29,2024-05-04,,False
1246,2230,Starter,29,2024-07-24,,False
1247,2231,Starter,29,2024-05-22,,False
1248,2233,Starter,29,2025-05-20,2025-09-12,True
1249,2234,Pro,99,2024-01-27,,False
1250,2235,Starter,29,2025-01-04,2025-07-12,True
1251,2238,Pro,99,2025-01-12,2025-09-21,True
1252,2239,Starter,29,2025-04-23,2025-09-07,True
1253,2243,Pro,99,2024-03-29,2024-04-30,True
1254,2244,Starter,29,2024-03-08,,False
1255,2245,Starter,29,2024-11-12,,False
1256,2246,Starter,29,2025-02-11,2025-11-10,True
1257,2247,Pro,99,2025-05-05,,False
1258,2249,Starter,29,2025-02-24,,False
1259,2251,Enterprise,499,2025-08-11,,False
1260,2253,Enterprise,499,2024-05-08,,False
1261,2254,Starter,29,2024-11-20,,False
1262,2261,Starter,29,2024-12-18,2025-03-09,True
1263,2267,Pro,99,2024-05-12,,False
1264,2271,Starter,29,2024-05-07,2025-02-14,True
1265,2272,Starter,29,2025-06-14,2025-12-31,True
1266,2273,Pro,99,2024-06-05,,False
1267,2274,Pro,99,2024-11-07,,False
1268,2282,Starter,29,2024-10-17,2024-12-01,True
1269,2284,Pro,99,2024-09-13,,False
1270,2285,Starter,29,2024-07-20,,False
1271,2286,Starter,29,2025-10-12,,False
1272,2288,Starter,29,2024-10-08,,False
1273,2289,Starter,29,2024-05-08,2024-12-20,True
1274,2300,Pro,99,2024-06-06,,False
1275,2301,Starter,29,2024-06-24,2024-08-16,True
1276,2305,Starter,29,2024-12-11,,False
1277,2306,Pro,99,2025-07-31,2025-12-31,True
1278,2307,Enterprise,499,2024-02-12,,False
1279,2308,Pro,99,2024-01-30,,False
1280,2310,Starter,29,2024-02-16,2024-06-13,True
1281,2312,Starter,29,2025-08-13,,False
1282,2313,Starter,29,2024-09-28,2025-07-13,True
1283,2314,Starter,29,2025-10-28,2025-12-30,True
1284,2316,Starter,29,2025-08-08,,False
1285,2320,Pro,99,2024-02-01,,False
1286,2322,Starter,29,2025-10-04,,False
1287,2323,Pro,99,2025-07-12,,False
1288,2324,Starter,29,2024-10-23,2025-04-28,True
1289,2327,Starter,29,2025-05-09,2025-10-30,True
1290,2330,Pro,99,2025-02-19,,False
1291,2333,Starter,29,2024-03-15,,False
1292,2337,Pro,99,2025-03-26,,False
1293,2338,Starter,29,2025-03-01,,False
1294,2339,Pro,99,2025-05-10,,False
1295,2342,Starter,29,2024-12-14,2025-07-11,True
1296,2343,Starter,29,2025-09-13,,False
1297,2344,Enterprise,499,2024-05-27,,False
1298,2346,Starter,29,2024-11-22,,False
1299,2347,Starter,29,2024-12-19,,False
1300,2348,Starter,29,2025-02-12,,False
1301,2352,Starter,29,2025-07-29,,False
1302,2353,Starter,29,2024-04-18,,False
1303,2354,Starter,29,2024-11-22,,False
1304,2355,Enterprise,499,2024-09-04,,False
1305,2356,Starter,29,2025-04-22,,False
1306,2357,Starter,29,2024-05-05,,False
1307,2361,Starter,29,2024-05-24,,False
1308,2362,Starter,29,2024-04-09,,False
1309,2363,Starter,29,2024-02-21,,False
1310,2364,Starter,29,2024-10-24,,False
1311,2366,Starter,29,2025-09-22,,False
1312,2367,Starter,29,2025-03-04,,False
1313,2368,Starter,29,2024-09-11,,False
1314,2369,Starter,29,2024-06-12,,False
1315,2370,Starter,29,2024-12-01,,False
1316,2371,Starter,29,2025-08-14,,False
1317,2373,Pro,99,2024-07-13,,False
1318,2376,Starter,29,2025-06-11,,False
1319,2377,Enterprise,499,2025-04-23,,False
1320,2379,Pro,99,2024-11-11,,False
1321,2380,Pro,99,2025-05-24,,False
1322,2383,Starter,29,2025-02-06,2025-04-19,True
1323,2385,Starter,29,2025-04-13,2025-12-31,True
1324,2386,Starter,29,2024-09-03,2024-12-30,True
1325,2387,Starter,29,2024-08-08,,False
1326,2388,Starter,29,2025-08-20,,False
1327,2389,Enterprise,499,2024-12-27,,False
1328,2393,Starter,29,2025-05-21,,False
1329,2394,Pro,99,2025-09-03,,False
1330,2395,Pro,99,2025-10-31,,False
1331,2396,Pro,99,2025-11-19,,False
1332,2398,Starter,29,2024-10-19,,False
1333,2399,Pro,99,2025-07-03,,False
1334,2401,Enterprise,499,2024-04-20,,False
1335,2403,Pro,99,2024-05-17,,False
1336,2405,Starter,29,2025-01-09,,False
1337,2406,Starter,29,2025-02-16,2025-09-06,True
1338,2407,Starter,29,2025-01-09,,False
1339,2409,Starter,29,2025-02-14,2025-08-29,True
1340,2410,Starter,29,2024-02-22,,False
1341,2411,Starter,29,2025-08-06,2025-12-31,True
1342,2412,Pro,99,2025-07-29,,False
1343,2415,Starter,29,2025-07-20,,False
1344,2416,Starter,29,2024-10-22,,False
1345,2418,Starter,29,2025-01-30,,False
1346,2419,Enterprise,499,2025-05-31,,False
1347,2420,Starter,29,2025-04-06,,False
1348,2421,Enterprise,499,2025-07-17,,False
1349,2422,Pro,99,2024-10-13,,False
1350,2424,Pro,99,2025-11-27,,False
1351,2425,Starter,29,2025-09-17,,False
1352,2426,Starter,29,2024-05-01,,False
1353,2428,Enterprise,499,2024-04-09,,False
1354,2429,Starter,29,2025-02-07,,False
1355,2430,Pro,99,2025-01-17,,False
1356,2431,Starter,29,2024-12-13,2025-08-02,True
1357,2433,Starter,29,2025-01-09,,False
1358,2434,Starter,29,2024-05-27,,False
1359,2435,Pro,99,2024-07-22,,False
1360,2436,Enterprise,499,2025-09-08,,False
1361,2438,Pro,99,2025-02-15,,False
1362,2442,Starter,29,2024-02-09,,False
1363,2445,Starter,29,2024-12-07,,False
1364,2448,Starter,29,2025-04-12,,False
1365,2449,Pro,99,2024-06-01,,False
1366,2452,Starter,29,2024-05-23,2024-08-04,True
1367,2456,Starter,29,2024-06-15,,False
1368,2458,Pro,99,2025-09-23,,False
1369,2459,Starter,29,2024-11-02,,False
1370,2461,Starter,29,2024-12-10,,False
1371,2463,Starter,29,2025-06-05,2025-10-10,True
1372,2466,Enterprise,499,2025-12-26,,False
1373,2467,Starter,29,2025-07-30,2025-12-06,True
1374,2469,Pro,99,2025-05-01,,False
1375,2470,Starter,29,2024-01-18,,False
1376,2471,Starter,29,2025-01-12,,False
1377,2476,Starter,29,2025-08-20,,False
1378,2477,Starter,29,2024-11-11,,False
1379,2478,Starter,29,2025-12-05,2025-12-31,True
1380,2479,Pro,99,2025-10-06,,False
1381,2480,Starter,29,2024-01-28,,False
1382,2481,Starter,29,2025-09-03,,False
1383,2482,Pro,99,2025-04-30,,False
1384,2483,Starter,29,2024-09-28,,False
1385,2485,Pro,99,2025-08-15,,False
1386,2486,Pro,99,2025-08-14,,False
1387,2487,Starter,29,2024-08-21,,False
1388,2488,Starter,29,2024-02-22,,False
1389,2489,Starter,29,2025-08-20,,False
1390,2491,Pro,99,2024-06-23,,False
1391,2496,Enterprise,499,2024-05-31,,False
1392,2498,Enterprise,499,2024-09-05,,False
1393,2500,Starter,29,2025-08-09,,False
1394,2502,Starter,29,2024-04-22,,False
1395,2503,Pro,99,2024-07-14,,False
1396,2507,Pro,99,2025-03-04,,False
1397,2514,Starter,29,2025-09-18,,False
1398,2517,Pro,99,2025-12-23,,False
1399,2518,Starter,29,2024-05-21,2024-08-28,True
1400,2519,Starter,29,2025-06-15,2025-12-10,True
1401,2520,Enterprise,499,2024-07-31,,False
1402,2522,Pro,99,2024-11-28,,False
1403,2524,Pro,99,2025-05-04,,False
1404,2525,Pro,99,2025-06-22,,False
1405,2527,Starter,29,2024-11-17,,False
1406,2528,Starter,29,2024-06-26,2025-04-03,True
1407,2529,Pro,99,2025-04-15,,False
1408,2531,Starter,29,2024-12-16,2025-05-09,True
1409,2534,Pro,99,2025-11-23,,False
1410,2535,Pro,99,2025-11-28,2025-12-31,True
1411,2536,Starter,29,2025-10-20,,False
1412,2538,Pro,99,2024-09-27,2025-07-20,True
1413,2540,Enterprise,499,2025-05-10,,False
1414,2545,Starter,29,2024-11-01,,False
1415,2546,Starter,29,2024-08-18,2025-06-08,True
1416,2548,Enterprise,499,2024-10-22,,False
1417,2549,Starter,29,2025-12-22,,False
1418,2552,Starter,29,2025-12-22,,False
1419,2553,Pro,99,2025-05-15,2025-11-28,True
1420,2555,Starter,29,2025-05-06,,False
1421,2556,Enterprise,499,2024-12-23,,False
1422,2558,Starter,29,2024-10-07,2025-02-19,True
1423,2561,Enterprise,499,2025-08-10,,False
1424,2563,Starter,29,2025-07-10,2025-12-31,True
1425,2564,Starter,29,2025-01-23,,False
1426,2565,Starter,29,2025-02-08,2025-08-19,True
1427,2566,Starter,29,2024-12-19,,False
1428,2567,Starter,29,2024-05-29,2024-09-04,True
1429,2568,Pro,99,2024-10-24,,False
1430,2573,Enterprise,499,2025-03-28,,False
1431,2574,Pro,99,2025-11-02,,False
1432,2576,Starter,29,2025-05-05,2025-11-25,True
1433,2577,Starter,29,2024-08-07,2024-11-24,True
1434,2579,Enterprise,499,2025-07-05,,False
1435,2580,Starter,29,2024-10-04,,False
1436,2581,Starter,29,2025-07-29,,False
1437,2584,Starter,29,2024-05-20,2024-10-10,True
1438,2585,Starter,29,2024-04-21,,False
1439,2586,Starter,29,2025-09-22,,False
1440,2588,Starter,29,2024-09-02,2024-12-05,True
1441,2589,Starter,29,2024-09-05,2024-11-16,True
1442,2590,Pro,99,2024-02-21,,False
1443,2593,Starter,29,2024-08-19,,False
1444,2594,Starter,29,2025-10-15,,False
1445,2597,Enterprise,499,2024-04-12,,False
1446,2603,Starter,29,2024-05-20,2024-06-29,True
1447,2608,Pro,99,2025-10-30,,False
1448,2611,Starter,29,2025-10-28,2025-12-31,True
1449,2612,Pro,99,2024-07-23,2025-01-03,True
1450,2616,Pro,99,2025-10-23,,False
1451,2618,Starter,29,2024-04-01,,False
1452,2620,Starter,29,2025-08-10,2025-12-11,True
1453,2621,Enterprise,499,2024-08-25,,False
1454,2623,Starter,29,2024-02-08,,False
1455,2624,Pro,99,2024-06-28,2024-08-06,True
1456,2627,Starter,29,2024-02-07,2024-07-13,True
1457,2630,Starter,29,2024-07-09,,False
1458,2632,Starter,29,2024-02-08,,False
1459,2633,Pro,99,2024-01-10,,False
1460,2634,Starter,29,2024-11-01,2025-08-27,True
1461,2635,Enterprise,499,2025-08-04,,False
1462,2640,Starter,29,2025-04-10,,False
1463,2642,Pro,99,2025-07-10,,False
1464,2646,Starter,29,2025-05-31,,False
1465,2647,Enterprise,499,2025-04-24,,False
1466,2648,Pro,99,2024-10-06,,False
1467,2651,Starter,29,2024-12-04,2025-03-30,True
1468,2653,Pro,99,2025-04-14,,False
1469,2654,Starter,29,2025-10-25,2025-12-24,True
1470,2656,Pro,99,2024-07-09,,False
1471,2657,Starter,29,2024-01-15,2024-10-11,True
1472,2661,Enterprise,499,2025-11-21,,False
1473,2662,Starter,29,2024-07-16,,False
1474,2664,Starter,29,2025-09-17,2025-11-07,True
1475,2666,Starter,29,2025-02-19,2025-08-30,True
1476,2667,Starter,29,2025-03-13,2025-06-03,True
1477,2669,Starter,29,2024-12-01,,False
1478,2670,Enterprise,499,2024-03-29,,False
1479,2672,Enterprise,499,2025-11-16,,False
1480,2673,Pro,99,2024-04-07,2024-12-04,True
1481,2676,Starter,29,2025-05-03,,False
1482,2678,Pro,99,2024-09-11,,False
1483,2681,Pro,99,2025-01-27,,False
1484,2683,Starter,29,2025-04-02,,False
1485,2684,Pro,99,2024-09-30,,False
1486,2685,Starter,29,2024-12-03,,False
1487,2686,Starter,29,2024-11-05,2025-03-25,True
1488,2687,Starter,29,2025-08-19,,False
1489,2689,Pro,99,2024-01-12,2024-06-14,True
1490,2690,Starter,29,2024-09-24,2025-02-22,True
1491,2691,Pro,99,2025-10-31,,False
1492,2692,Starter,29,2025-01-03,,False
1493,2693,Pro,99,2025-12-10,,False
1494,2697,Starter,29,2024-05-01,,False
1495,2698,Starter,29,2025-04-21,2025-07-29,True
1496,2700,Starter,29,2024-06-12,,False
1497,2701,Starter,29,2025-02-19,2025-09-16,True
1498,2702,Pro,99,2025-12-03,,False
1499,2703,Starter,29,2025-05-29,,False
1500,2704,Starter,29,2025-12-21,2025-12-31,True
1501,2707,Enterprise,499,2024-04-30,,False
1502,2712,Enterprise,499,2024-08-14,,False
1503,2713,Pro,99,2024-08-12,,False
1504,2714,Pro,99,2024-05-16,,False
1505,2715,Starter,29,2025-05-04,,False
1506,2716,Pro,99,2024-06-05,,False
1507,2717,Starter,29,2025-04-10,,False
1508,2718,Starter,29,2025-09-12,,False
1509,2719,Starter,29,2025-01-17,2025-06-26,True
1510,2720,Starter,29,2025-03-01,2025-06-08,True
1511,2721,Starter,29,2025-12-19,2025-12-31,True
1512,2725,Starter,29,2025-11-11,2025-12-31,True
1513,2727,Enterprise,499,2024-09-10,,False
1514,2731,Starter,29,2025-06-22,2025-12-31,True
1515,2733,Starter,29,2025-06-24,,False
1516,2737,Pro,99,2025-07-31,,False
1517,2738,Starter,29,2024-04-24,,False
1518,2739,Starter,29,2024-03-04,,False
1519,2740,Starter,29,2025-07-14,,False
1520,2744,Starter,29,2025-07-03,2025-12-31,True
1521,2746,Pro,99,2024-06-17,,False
1522,2748,Starter,29,2025-06-16,2025-10-15,True
1523,2749,Enterprise,499,2025-03-28,,False
1524,2750,Starter,29,2024-04-29,,False
1525,2751,Starter,29,2025-11-27,2025-12-31,True
1526,2754,Starter,29,2025-05-15,,False
1527,2755,Starter,29,2024-04-03,,False
1528,2757,Enterprise,499,2025-04-01,,False
1529,2759,Starter,29,2025-04-09,,False
1530,2761,Starter,29,2025-06-09,2025-08-22,True
1531,2766,Starter,29,2025-07-26,,False
1532,2767,Pro,99,2025-04-18,,False
1533,2769,Starter,29,2024-11-11,2025-08-05,True
1534,2772,Starter,29,2024-09-17,,False
1535,2774,Pro,99,2024-08-11,2025-02-16,True
1536,2775,Starter,29,2025-08-15,,False
1537,2776,Starter,29,2024-03-15,2024-04-29,True
1538,2778,Pro,99,2025-03-09,,False
1539,2780,Starter,29,2025-12-18,2025-12-31,True
1540,2781,Starter,29,2024-03-06,,False
1541,2782,Starter,29,2025-07-08,2025-08-10,True
1542,2785,Starter,29,2025-04-28,,False
1543,2786,Pro,99,2024-02-02,,False
1544,2787,Starter,29,2024-10-20,,False
1545,2789,Starter,29,2024-07-03,,False
1546,2790,Pro,99,2024-05-18,,False
1547,2793,Starter,29,2025-03-06,,False
1548,2801,Pro,99,2025-11-08,,False
1549,2802,Starter,29,2025-07-06,,False
1550,2804,Starter,29,2025-10-31,,False
1551,2805,Pro,99,2024-12-22,,False
1552,2808,Starter,29,2025-07-04,2025-10-23,True
1553,2809,Starter,29,2025-02-06,,False
1554,2810,Starter,29,2025-06-25,,False
1555,2812,Starter,29,2024-08-16,,False
1556,2813,Starter,29,2024-01-04,2024-06-12,True
1557,2816,Starter,29,2025-04-19,,False
1558,2820,Pro,99,2025-06-28,,False
1559,2821,Starter,29,2025-01-23,2025-10-18,True
1560,2822,Pro,99,2024-08-23,,False
1561,2826,Pro,99,2024-06-07,2024-12-10,True
1562,2828,Starter,29,2024-07-12,,False
1563,2829,Enterprise,499,2024-04-25,,False
1564,2832,Starter,29,2025-03-05,,False
1565,2835,Starter,29,2024-09-03,,False
1566,2836,Pro,99,2024-07-30,2025-05-19,True
1567,2837,Pro,99,2024-03-09,,False
1568,2838,Starter,29,2024-04-13,,False
1569,2839,Starter,29,2025-08-31,2025-12-31,True
1570,2840,Starter,29,2024-02-04,,False
1571,2842,Starter,29,2025-09-04,,False
1572,2843,Starter,29,2025-11-19,,False
1573,2845,Starter,29,2024-02-19,,False
1574,2846,Starter,29,2024-09-07,,False
1575,2848,Pro,99,2025-02-15,,False
1576,2850,Starter,29,2024-08-27,,False
1577,2852,Starter,29,2024-08-10,,False
1578,2854,Pro,99,2024-05-23,,False
1579,2855,Pro,99,2025-05-30,,False
1580,2858,Starter,29,2025-08-12,,False
1581,2859,Enterprise,499,2024-11-22,,False
1582,2861,Starter,29,2025-09-04,,False
1583,2863,Starter,29,2024-11-24,,False
1584,2864,Enterprise,499,2024-08-30,,False
1585,2867,Starter,29,2025-11-07,,False
1586,2869,Pro,99,2024-08-14,,False
1587,2870,Starter,29,2025-02-27,2025-06-02,True
1588,2871,Pro,99,2024-11-03,,False
1589,2872,Starter,29,2024-10-08,2025-03-05,True
1590,2874,Enterprise,499,2025-07-24,,False
1591,2876,Pro,99,2024-06-28,,False
1592,2879,Pro,99,2025-03-13,,False
1593,2881,Pro,99,2025-05-22,,False
1594,2883,Starter,29,2024-12-18,,False
1595,2885,Starter,29,2025-11-18,2025-12-31,True
1596,2887,Enterprise,499,2025-06-21,,False
1597,2889,Pro,99,2025-12-14,,False
1598,2893,Starter,29,2024-11-03,,False
1599,2898,Pro,99,2024-09-03,2025-06-10,True
1600,2901,Starter,29,2025-12-25,,False
1601,2902,Pro,99,2024-05-27,,False
1602,2903,Pro,99,2025-04-19,,False
1603,2904,Pro,99,2024-02-29,,False
1604,2905,Starter,29,2025-07-29,,False
1605,2906,Pro,99,2025-02-26,,False
1606,2907,Starter,29,2025-03-02,,False
1607,2908,Pro,99,2025-07-24,,False
1608,2909,Starter,29,2025-06-26,,False
1609,2910,Enterprise,499,2024-05-17,,False
1610,2913,Starter,29,2024-09-18,,False
1611,2915,Starter,29,2024-12-04,2025-07-05,True
1612,2917,Starter,29,2024-03-21,,False
1613,2918,Starter,29,2025-04-05,,False
1614,2920,Starter,29,2024-04-04,,False
1615,2921,Starter,29,2025-07-02,2025-09-08,True
1616,2923,Pro,99,2024-02-22,,False
1617,2925,Pro,99,2025-01-21,,False
1618,2926,Pro,99,2025-11-20,,False
1619,2927,Starter,29,2025-09-11,,False
1620,2928,Starter,29,2025-09-09,,False
1621,2929,Starter,29,2024-02-10,2024-08-04,True
1622,2930,Starter,29,2024-03-15,2024-07-07,True
1623,2931,Starter,29,2024-07-11,2024-08-13,True
1624,2932,Enterprise,499,2025-08-24,,False
1625,2934,Starter,29,2025-07-26,,False
1626,2935,Starter,29,2024-08-10,2024-10-17,True
1627,2939,Starter,29,2024-11-06,,False
1628,2940,Pro,99,2024-01-16,,False
1629,2942,Pro,99,2024-07-13,,False
1630,2943,Pro,99,2024-04-30,,False
1631,2944,Starter,29,2025-05-05,,False
1632,2946,Starter,29,2025-12-13,2025-12-31,True
1633,2947,Starter,29,2025-09-10,,False
1634,2952,Pro,99,2025-07-19,,False
1635,2953,Starter,29,2024-11-25,2025-02-15,True
1636,2956,Starter,29,2025-04-22,2025-06-20,True
1637,2957,Enterprise,499,2025-06-30,2025-10-29,True
1638,2958,Starter,29,2025-10-26,2025-12-31,True
1639,2962,Starter,29,2025-01-03,2025-05-20,True
1640,2963,Pro,99,2025-06-09,,False
1641,2965,Starter,29,2025-04-22,,False
1642,2967,Pro,99,2025-04-25,,False
1643,2968,Starter,29,2024-11-23,,False
1644,2970,Pro,99,2025-01-14,,False
1645,2971,Pro,99,2024-11-16,,False
1646,2972,Starter,29,2025-02-27,,False
1647,2974,Pro,99,2025-07-30,,False
1648,2975,Starter,29,2024-08-14,2025-05-12,True
1649,2976,Starter,29,2024-05-29,,False
1650,2978,Starter,29,2024-09-24,,False
1651,2979,Starter,29,2025-07-20,,False
1652,2980,Pro,99,2025-08-21,,False
1653,2981,Starter,29,2025-08-16,,False
1654,2982,Starter,29,2025-03-03,2025-12-27,True
1655,2983,Starter,29,2024-10-29,,False
1656,2985,Starter,29,2024-07-19,2024-09-15,True
1657,2986,Enterprise,499,2024-12-03,,False
1658,2987,Starter,29,2024-08-23,2025-05-26,True
1659,2990,Starter,29,2024-09-08,,False
1660,2992,Enterprise,499,2025-07-17,,False
1661,2995,Starter,29,2024-12-11,,False
1662,2998,Pro,99,2025-10-19,,False
1663,2999,Starter,29,2025-05-17,,False
1664,3000,Pro,99,2025-04-16,,False
